Event,Publish?,Event Start,Event End,Location,Event Description,Traffic restrictions,GIS location,Advanced notification letter available Y>N,Event times ,Contact/hotline number,Event Venue,Link to letter ,Event website,,,,,,
Music in the Square ,,4/04/2019,4/04/2019,Hindmarsh Square / Mukata,"Bands perform in Victoria Square over lunch/early evening sessions. Food trucks, and cafe tables included.",No,"https://www.google.com.au/maps/place/Hindmarsh+Square,+Adelaide+SA+5000/@-34.9243891,138.6052262,21z/data=!4m5!3m4!1s0x6ab0ced17d54f9f5:0xb235c261756be88b!8m2!3d-34.9241687!4d138.6049835",,12p.m to 2p.m,8203 7203,,Not applicable ,https://www.cityofadelaide.com.au/whats-on/event/music-in-the-square11,,,,,,
Circus Rio 2019,,5/04/2019,12/05/2019,Bonython Par k/ Tulya Wardli,"Circus Rio is in Adelaide for the first time, providing a fun and inspiring experience for all the family featuring tricks and circus classics. ",No,"https://www.google.com.au/maps/@-34.9146121,138.5792244,21z",N,Various  - Refer to event Web site,http://circusrio.com/#contact,,Not applicable ,http://circusrio.com/#contact,,,,,,
Tasting Australia 2019,,5/04/2019,14/04/2019,Victoria Square / Tarntanyangga,"Tasting Australia is Australia's premium eating and drinking festival, providing unique and moreish food and beverage experiences. ",No,"https://www.google.com.au/maps/@-34.9286443,138.5998283,21z",,"Friday 5 April & Saturday 6 April-  11a.m to 12a.m
Sunday 7 April- 11a.m to 11p.m
Monday 8 April- Closed to public - private event (6p.m to 11p.m)
Tuesday 9 April- 11a.m to 9p.m
Wednesday 10 April & Thursday 11 April- 11a.m to 11p.m
Friday 12 April & Saturday 13 April-  11a.m to 12a.m
Sunday 14 April-  11a.m to 7p.m",8463 4500,,Not applicable ,https://tastingaustralia.com.au/town-square ,,,,,,
Adelaide Sanitarium Weet-bix Kids TRYathlon 2019,Yes,7/04/2019,7/04/2019,Denise Norton Park / Pardipardinyilla (Park 2); Barton Tce West; Prospect Rd; Fitzroy Tce & the Adelaide Aquatic Centre,The City of Churches hosts Weet-Bix Kids TRYathlon at the Aquatic Centre in North Adelaide. TRYathletes swim in the Olympic-sized pool and cycle on the surrounding closed-roads before running through the parklands around the Adelaide Aquatic Centre. , Yes,"https://www.google.com/maps/@-34.9010722,138.5905452,17.42z",Yes for road closure - still to be provided,7a.m to 1p.m,Not applicable ,,https://www.cityofadelaide.com.au/assets/documents/DOCUMENT_Community_Notification_Letter_2019.pdf ,https://tryathlon.com.au/locations/adelaide/,,,,,,
Nepal Festival 2019,,14/04/2019,14/04/2019,Light Square / Wauwi,The Nepal Festival is one of the biggest events for all Nepalese living in South Australia. The event will showcase the Nepalese culture. ,No,"https://www.google.com.au/maps/@-34.9252409,138.5935255,21z",Yes,12.00p.m until 9.00p.m,0402 076 358,,Not applicable ,Not applicable ,,,,,,
"ANZAC Day Activities, Service, Vigil and March",,24/04/2019,25/04/2019,"War Memorial - North Terrace
Pennington Gardens East
City Streets","A National day of remembrance that commemorates all Australians and New Zealanders who served and died in all wars, conflicts, and peacekeeping.",Yes ,"https://www.google.com/maps/@-34.9210029,138.6014089,21z",No ,"Youth Vigil- 5:45p.m to 6a.m
Dawn Service- 6a.m to 7:15a.m
Commemorative March- 9:30a.m to 11a.m
Commemorative Service at the Cross of Sacrifice- 11:40a.m to 12noon","Ian Smith 
Email: ian@provostrws.com
Mobile: 0413909080
",,Not applicable ,http://rslsa.org.au/anzac-day-2/,,,,,,
Union Hotel ANZAC Day Street Party,,25/04/2019,25/04/2019,Waymouth Street; between Bentham and Young Streets,Post ANZAC march street party.,Yes ,"https://www.google.com.au/maps/@-34.9257932,138.5968319,21z",Yes,10a.m to 10p.m,0419 831 956,,https://www.cityofadelaide.com.au/assets/documents/DOCUMENT_Union_Hotel_Event_Road_Closures.pdf,To be advised ,,,,,,
Adelaide Busking Festival 2019,,26/04/2019,28/04/2019,Light Square / Wauwi,"A free community event  centred around busking and will include live music, food and beverages.",No,"https://www.google.com/maps/@-34.9252418,138.5939511,21z",Yes,"Friday 19 April- 4p.m to 9p.m
Saturday 20 April- Midday to 9p.m
Sunday 21 April- Midday to 9p.m",0458 150 306 ,,Not applicable ,http://www.buskingfestival.com.au/adelaide-busking-festival.html,,,,,,
Indofest ,,28/04/2019,28/04/2019,Victoria Square / Tarntanyangga (South),"indofest-Adelaide is a vibrant community festival celebrating all things Indonesian, bringing culture and cuisine to Adelaide. ",No,"https://www.google.com/maps/@-34.9298928,138.6000136,21z",,10a.m to 5p.m,To be advised ,,Not applicable ,https://indofest.com.au/,,,,,,
North Adelaide Rare & Classic Car Show,Yes,28/04/2019,28/04/2019,Tynte Street,"The event will consist of some 100 veterans, vintage and early classic vehicles being on display in Tynte Street. There will also be some live entertainment, trading stalls, and children activities on the day. ",Yes,"https://www.google.com/maps/@-34.9061873,138.5950209,21z",TBA,12p.m to 6p.m,Not applicable ,,Not applicable ,Not applicable ,,,,,,
Music in the Square ,,2/05/2019,2/05/2019,Victoria Square / Tarntanyangga (North),A twilight jazz event.  Food trucks and cafe tables included.,No,"https://www.google.com/maps/@-34.9277073,138.5999084,21z",,5p.m to 7p.m,8203 7203,,Not applicable ,https://www.cityofadelaide.com.au/whats-on/event/music-in-the-square11,,,,,,
Mothers Day Classic 2019,,12/05/2019,12/05/2019,Peace Park; Linear Path; Botanic Gardens and various roads,Fun Run / walk raising funds and awareness for breast cancer research,Yes,"https://www.google.com/maps/@-34.9390187,138.597843,21z",,6.30a.m to 11a.m,8362 2150,,https://www.cityofadelaide.com.au/assets/documents/DOCUMENT_Mothers_Day_Classic_2019_Road_Closures.pdf,https://www.mothersdayclassic.com.au/events/event-map/adelaide/,,,,,,
RSPCA Million Paws Walk,,19/05/2019,19/05/2019,Victoria Park / Pakapakanthi (Park 16),Annual paws walk to raise funds for the RSPCA.,No,"https://www.google.com/maps/@-34.9339385,138.6205486,21z",,8a.m to 2pm,8210 8106,,Not applicable ,https://www.millionpawswalk.com.au/,,,,,,
National Sorry Day 2019 ,,24/05/2019,24/05/2019,Victoria Square / Tarntanyangga (North),National Sorry Day brings together the Stolen Generation to celebrate their survival and looking towards a brighter future.,No,"https://www.google.com.au/maps/@-34.9280321,138.5997472,21z",,10:30a.m to 2:30p.m,8362 1199/  0431 234 561 ,,Not applicable ,To be advised ,,,,,,
DreamBig Children's Festival 2019 & Big Family Weekend 2019,,25/05/2019,26/05/2019,Prince Henry Gardens to Adelaide University,DreamBIG Children’s Festival is South Australia’s iconic biennial arts festival for schools and families. It is divided into two streams- the school's program where children participate in events and performances through their school and the general public program for families. ,No,"https://www.google.com/maps/@-34.9212626,138.6006603,21z",,10a.m to 4pm,8216 8656,,Not applicable ,https://www.dreambigfestival.com.au/,,,,,,
Adelaide Marathon Festival ,,26/05/2019,26/05/2019,Torrens Linear Route between Park 10 and Park 27; War Memorial Drive; Mackinnon Parade; Frome Road & Adelaide Oval,"In its 40th year , the road running event will incorporate a marathon, half marathon with 10 km and 2 km distances.
",TBA,"https://www.google.com/maps/@-34.917047,138.5966881,21z",,7a.m to 2p.m,0447 550 010,,https://www.cityofadelaide.com.au/assets/documents/DOCUMENT_Public_Consultation_Letter_2019.pdf,https://sarrc.org.au/event/2019-adelaide-marathon-festival/,,,,,,
EID Al Fitr Prayer Day,,5/06/2019,6/06/2019,Bonython Park/Tulya Wardli (Park 27),Communal prayer to mark the end of fasting for the month of Ramadhan.,No,"https://www.google.com/maps/search/bonython+park/@-34.9130536,138.5790905,21z",,8:30a.m- 12:30p.m,"0415 781 833
shahiq94@hotmail.com",,Not applicable ,To be advised ,,,,,,
Adelaide Cabaret Festival 2019,,7/06/2019,22/06/2019,Elder Park ,"Adelaide Festival Centre's Adelaide Cabaret Festival is the biggest cabaret festival in the word and highlights the best local, national and international artists through an eclectic program of classic and contemporary cabaret performances",No,"https://www.google.com.au/maps/@-34.9178807,138.598257,21z",,Refer to event website,8216 8600,,https://www.cityofadelaide.com.au/assets/documents/DOCUMENT-Adelaide-Cabaret-Festival-ADVANCE_NOTIFICATION_TO_STAKEHOLDERS.pdf,https://www.adelaidecabaretfestival.com.au/,,,,,,
UniSA HPV Super Series - Pedal Prix ,,15/06/2019,16/06/2019,Victoria Park/Pakapakanthi (Park 16),Human powered vehicle race.,No,"https://www.google.com/maps/@-34.9292168,138.6184974,21z",,Saturday 10am - 4pm & Sunday 10a.m - 4p.m,"08 8355 7450 
0417 824 361 ",,Not applicable ,https://www.ahpvss.com/,,,,,,
Jurassic Creatures,,1/07/2019,28/07/2019,Bonython Park/Tulya Wardli (Park 27),Educational event with animatronic dinosaurs.,No,"https://www.google.com/maps/@-34.9123654,138.5789191,21z",,10:00am- 9:00p.m,"0410 669 253
https://www.jurassiccreatures.com.au/",,Not applicable ,https://www.jurassiccreatures.com.au/,,,,,,
Skating At Victoria Square,,1/07/2019,21/07/2019,Victoria Square/Tarntanyangga,A winter wonderland during the school holidays. A temporary ice rink will be set up alongside a 25m long ice slide.,No,"https://www.google.com/maps/@-34.9292558,138.6000902,21z",,"Mon-Wed, 10a.m-9p.m
Thurs: 10a.m-10p.m
Fri: 10a.m-11p.m
Sat: 9a.m-11p.m
Sun: 9a.m-10p.m

",0402 544 063,,Not applicable ,http://adelaide.skatingat.com.au/,,,,,,
Pop-up Adventure Playspace - Eighty Eight O’Connell,,8/07/2019,13/07/2019,88 O'Connell St; North Adelaide,"Free School Holiday Event on 88 OC. The space will include nature play, fire pit cooking, climbing wall and interactive play stations.   ",No,"https://www.google.com/maps/place/88+O'Connell+St,+North+Adelaide+SA+5006/@-34.9062071,138.5962224,21z/data=!4m13!1m7!3m6!1s0x6ab0c8d82d382c3d:0x5e039eeb85585b78!2s88+O'Connell+St,+North+Adelaide+SA+5006!3b1!8m2!",,10am-2pm daily ,8203 7203,,Not applicable ,www.cityofadelaide.com.au ,,,,,,
NAIDOC In the Mall,,9/07/2019,9/07/2019,Gawler Place Canopy- Rundle Mall,"NAIDOC stands for National Aborigines and Islanders Day Observance Committee. Its origins can be traced to the emergence of Aboriginal groups in the 1920′s which sought to increase awareness in the wider community of the status and treatment of Indigenous Australians.

Predominately, NAIDOC Week is held in the first week (a Sunday to Sunday) of July that incorporates the second Friday - which historically was celebrated as 'National Aboriginal Day'. It is a time to celebrate Aboriginal and Torres Strait Islander history, culture and achievements and is an opportunity to recognise the contributions that Indigenous Australians make to our country and society.

The 2019 NAIDOC in the Mall theme is ‘Voice. Treaty. Truth. Let’s work together’.

The free event will include speeches, live music and a range of interactive activities.",No,"https://www.google.com/maps/place/Rundle+Mall+%26+Gawler+Place,+Adelaide+SA+5000/@-34.9228674,138.6017776,21z/data=!4m5!3m4!1s0x6ab0ced42803bbdb:0xe65a826dbdba9cef!8m2!3d-34.9228718!4d138.6019144",,10.30am-1:30pm,8203 7203,,Not applicable ,www.cityofadelaide.com.au ,,,,,,
Hello Hutt St,,12/07/2019,31/08/2019,Hutt St,"Hello Hutt St will be a series of surprising activations including live music, art and performance. Information regarding the program will be available on the City of Adelaide What's on page and Faceboo",No,"https://www.google.com/maps/place/Hutt+St,+Adelaide+SA+5000/@-34.9311182,138.61202,21z/data=!4m5!3m4!1s0x6ab0cecf10e89dff:0x2f4e1401d6bf0175!8m2!3d-34.9300283!4d138.6121159",,"Various Hours on 16, 17, 20, 26 and 31 July
Various Hours on 6, 17, 24, 28 and 31 August",8203 7203,,Not applicable ,www.cityofadelaide.com.au ,,,,,,
NAIDOC Family Fun Day,,12/07/2019,12/07/2019,Victoria Square/Tarntanyangga (North),"NAIDOC SA March and Family fun day is a community cultural event with Entertainment Childrens's Activities and Plenty of food options. The event celebrates the history, culture and achievements of Aboriginal and Torres Strait Islander peoples.",No,"https://www.google.com/maps/place/Victoria+Square+Tarntanyangga/@-34.9278276,138.5997365,21z/data=!4m5!3m4!1s0x6ab0ced85dabe055:0xf03365545ba4030!8m2!3d-34.928133!4d138.5999216",,11am-3:30pm,anaidoc@gmail.com. ,,Not applicable ,www.cityofadelaide.com.au ,,,,,,
Umbrella Opening Street Party,,12/07/2019,12/07/2019,Topham Mall,"Opening night celebration of Music SA's 4th installment of ""Umbrella Winter City Sounds""",,"https://www.google.com/maps/place/Topham+Mall,+Adelaide+SA+5000/@-34.9251657,138.5975096,21z/data=!4m5!3m4!1s0x6ab0cf28149aa731:0xbac44a72bc35b692!8m2!3d-34.9250978!4d138.5976813",,5pm-10pm,08 7320  3304,,Not applicable ,https://umbrellaadelaide.com.au/events/umbrella-opening-street-party/ ,,,,,,
Winter in the East End ,,12/07/2019,24/08/2019,The Stag Lane  ,Grab your warmest coat and head out to explore the East End laneways. Listen to live music by the firepits and sip on hot chocolate or mulled wine to chase the winter blues away. ,Yes,"https://www.google.com/maps/place/The+Stag+Hotel/@-34.9226346,138.6104814,21z/data=!4m5!3m4!1s0x6ab0cecd254b57e1:0xb7a4e501d5a10ae1!8m2!3d-34.9226137!4d138.610586",,"12, 13, 19, 20, 26 and 27 July: 5.30p.m-11.00p.m
9, 10, 16, 17, 23 and 24 August: 5.30p.m-11.00p.m",8203 7203 ,,Not applicable ,www.cityofadelaide.com.au ,,,,,,
Winter in the East End ,,12/07/2019,24/08/2019,Vaughan Place,Grab your warmest coat and head out to explore the East End laneways. Listen to live music by the firepits and sip on hot chocolate or mulled wine to chase the winter blues away. ,Yes,"https://www.google.com/maps/@-34.9218048,138.6080501,21z",,"12, 13, 19, 20, 26 and 27 July: 5.30p.m-11.00p.m
9, 10, 16, 17, 23 and 24 August: 5.30p.m-11.00p.m",8203 7203 ,,Not applicable ,www.cityofadelaide.com.au ,,,,,,
Winter in the East End ,,12/07/2019,24/08/2019,Vardon Avenue,Grab your warmest coat and head out to explore the East End laneways. Listen to live music by the firepits and sip on hot chocolate or mulled wine to chase the winter blues away. ,Yes,"https://www.google.com/maps/@-34.9227602,138.6095249,21z",,"12, 13, 19, 20, 26 and 27 July: 5.30p.m-11.00p.m
9, 10, 16, 17, 23 and 24 August: 5.30p.m-11.00p.m",8203 7203,,Not applicable ,www.cityofadelaide.com.au ,,,,,,
Cry Baby,,20/07/2019,20/07/2019,Soloman Street ,"Free community street party with live music & DJs, food vendors & bar.",Yes,"https://www.google.com/maps/place/Solomon+Street/@-34.9235033,138.6035173,21z/data=!4m12!1m6!3m5!1s0x6ab0d041b2aea677:0xe911af3abd4aad90!2sSolomon+Street!8m2!3d-34.9234214!4d138.6035341!3m4!1s0x6ab0d041b2aea677:0xe911af3abd4aad90!8m2!3d-34.9234214!4d138.6035341",,4pm – 11pm ,(08) 8362 2150,,Yes- see letter,"https://www.facebook.com/events/430746474437702/,
https://umbrellaadelaide.com.au/events/cry-baby-fest/
",,,,,,
Cry Baby,,20/07/2019,20/07/2019,Burnett Street,"Free community street party with live music & DJs, food vendors & bar.",Yes,"https://www.google.com/maps/place/Burnett+St,+Adelaide+SA+5000/@-34.9241107,138.5959544,21z/data=!4m5!3m4!1s0x6ab0cf288f092a3f:0xaba60c0172c2e6a2!8m2!3d-34.9241992!4d138.5958156",,4pm – 11pm ,(08) 8362 2150,,Yes- see letter,"https://www.facebook.com/events/430746474437702/,
https://umbrellaadelaide.com.au/events/cry-baby-fest/",,,,,,
Alleyway Acoustica in Lindes Lane,,24/07/2019,24/07/2019,Lindes Lane,"An Umbrella Winter City Sounds event.Tucked into a laneway off of Rundle Mall, Lindes Lane will be filled with cozy vibes, great atmosphere and sweet tunes from Diamond Skies, DEAN FOREVER, LUKA, and Erin Mo. Come along and enjoy the streets of Adelaide.",No,"https://www.google.com/maps/@-34.9230181,138.6032043,21z/data=!4m2!10m1!1e3",,5.00p.m-9:00p.m,8203 7203,,Not applicable ,www.cityofadelaide.com.au ,,,,,,
UniSA HPV Super Series- Pedal Prix,,27/07/2019,28/07/2019,Victoria Park/Pakapakanthi (Park 16),Human powered vehicle race.,,"https://www.google.com/maps/search/victoria+park/@-34.9326982,138.620593,21z",,Saturday 10a.m - 4p.m & Sunday 10a.m - 4p.m,"08 8355 7450 
0417 824 361  ",,Not applicable ,www.cityofadelaide.com.au ,,,,,,
Corporate Cup (Pre-Cup),,31/07/2019,31/07/2019,Red Gum Park / Karrawirra Park South (Park 12) & Linear Path,"Designed for people of all ages to improve their fitness over a period of 16 weeks. Operating once a fortnight, participants choose to walk of run either a 2.2km, 4.5km or 7.2 km course along the Linear Park Track by the River Torrens in the City.",No ,"https://www.google.com/maps/place/Red+Gum+Park+%2F+Karrawirra+(Park+12)/@-34.9152606,138.6024576,21z/data=!4m5!3m4!1s0x6ab0c92bda9b4a85:0x1ee3620444adc268!8m2!3d-34.91484!4d138.6027754",,5pm-10pm,(08) 8362 2150,,Not applicable ,www.cityofadelaide.com.au ,,,,,,
Light Up- New Years Eve,,31/12/21,31/12/21,Rymill Park / Murlawirrapurka (Park 14),"New Years Eve Event, will include live music and fireworks","Yes, 3pm till 2am closure of East Tce, Rundle St and Rundle Road","https://www.google.com/maps/@-34.923065,138.6135217,67m/data=!3m1!1e3",Yes,6pm till after midnight,,,,https://gluttony.net.au/lightup,,,,,,
New Years Eve,,31/12/21,31/12/21,Jerningham St,"New Years Eve Event at the Lion, will include live music and fireworks",Jerningham St road closure,"https://www.google.com/maps/@-34.9089229,138.6066892,21z",Yes,6pm till after midnight,,,,https://gluttony.net.au/lightup,,,,,,
Adelaide Tennis International 2022,,01/01/22,15/01/22,War Memorial Drive (in front of Adelaide Oval),Road closure of War Memorial Drive (in front of Adelaide Oval) to support the Tennis event,War Memorial Drive (in front of Adelaide Oval),"https://www.google.com/maps/@-34.9179718,138.5966186,20.67z",,24 hours for the period,,,,https://adelaideinternational.com.au/,,,,,,
The Quicksteps Outdoor Ballroom,,01/03/22,20/03/22,Light Square / Wauwi,A Fringe site consisting of an outdoor dance floor and performances.,No,"https://www.google.com/maps/@-34.9250816,138.5938103,37m/data=!3m1!1e3",,Times vary,,,,https://www.quicksteps.com.au/events-trips-outdoor-ballroom,,,,,,
Gluttony ,,01/03/22,20/03/22,Rymill Park / Murlawirrapurka (Park 14),Fringe venue in Rymill Park.,No,"https://www.google.com/maps/@-34.923065,138.6135217,67m/data=!3m1!1e3",,See website for details,,,,https://gluttony.net.au/,,,,,,
The Garden of Unearthly Delights,,01/03/22,20/03/22,Rundle Park / Kadlitpina (Park 13),Fringe arts precinct,No,"https://www.google.com/maps/@-34.9216461,138.6117272,37m/data=!3m1!1e3",,See website for details,,,,https://www.gardenofunearthlydelights.com.au/,,,,,,
Adelaide Fringe Festival at the Rhino Room,,01/03/22,20/03/22,Hyde Street,Road closure for Fringe activation at the Rhino Room,"Every Friday and Saturday night during Fringe.
A section of Hyde St between Pirie St and Stockley Alley","https://www.google.com/maps/place/Rhino+Room/@-34.9256773,138.6044866,37m/data=!3m1!1e3!4m5!3m4!1s0x6ab0ced2bf5e1bc9:0x493166ee06f00abe!8m2!3d-34.9256087!4d138.604617",,See website for details,,,,https://www.rhinoroom.com.au/adlfringe2022.html,,,,,,
Under the Southern Stars,,18/03/22,20/03/22,Bonython Park / Tulya Wardli (Park 27),Concert,No,"https://www.google.com/maps/@-34.9147416,138.5792728,67m/data=!3m1!1e3",,See website for details,,,,https://www.underthesouthernstars.com.au/event-dates,,,,,,
Big Bounce Australia 2022,,25/03/22,03/04/22,Ellis Park / Tampawardli (Park 24),"Inflatable touring event, featuring the World’s largest jumping castle.
",No,"https://www.google.com/maps/@-34.9279801,138.5833682,163m/data=!3m1!1e3",,See website for details,,,,https://thebigbounceaustralia.com.au/,,,,,,
AFL - Every weekend,,16/04/22,30/04/22,Adelaide Oval (Park 26),AFL at the Adelaide Oval each weekend- see website for further details- includes road closures pre & post event,"Yes
","https://www.google.com/maps/@-34.9149226,138.5959193,21z",,See website for details,,,,https://www.adelaideoval.com.au/whats-on/,,,,,,
AFL - Every weekend,,04/06/22,30/06/22,Adelaide Oval (Park 26),AFL at the Adelaide Oval each weekend- see website for further details- includes road closures pre & post event,"Yes
","https://www.google.com/maps/@-34.9149226,138.5959193,21z",,See website for details,,,,https://www.adelaideoval.com.au/whats-on/,,,,,,
World Gin Day event,,11/06/22,11/06/22,Gilbert Place,Road closure event,Gilbert Place closed 12pm - 12am,"https://www.google.com/maps/@-34.9236586,138.5990552,67m/data=!3m1!1e3",,,,,,,,,,,,
UniSA HPV Super Series - Pedal Prix,,17/06/22,19/06/22,Victoria Park / Pakapakanthi (Park 16) - North,A competition where teams race Human Powered Vehicles (HPV’s) on a closed controlled circuit.,No,"https://www.google.com/maps/@-34.9295469,138.6209997,67m/data=!3m1!1e3",,See website for details,,,,https://ahpvss.com/race/adelaide-race-1/,,,,,,
ADL Unleashed Hutt St Event,,10/06/22,13/06/22,Hutt Street,Hutt Street event,"Closure of a section of Carrington St between Hutt St and Allen Place, 10 & 11 June","https://www.google.com/maps/@-34.9308867,138.6123474,67m/data=!3m1!1e3",,See website for details,,,,https://pennyhospitality.com.au/events/hutt-street-party/,,,,,,
Mother's Ruin Gin Festival,,11/06/22,11/06/22,Gilbert Place,Street party event,Gilbert Place closed 12pm - 12am,"https://www.google.com/maps/@-34.9236924,138.5991207,67m/data=!3m1!1e3",,,,,,,,,,,,
Fork at Bonython,,18/06/22,18/06/22,Bonython Park / Tulya Wardli (Park 27) - Main Kiosk Site; ,Food truck event,No,"https://www.google.com/maps/@-34.9164843,138.5820152,67m/data=!3m1!1e3",,12pm - 8pm,,,,https://forkontheroad.com.au/,,,,,,
,,,,,,,,,,,,,,,,,,,
AFL First Qualifying Final - Adelaide vs Collingwood,,04/09/25,04/09/25,Adelaide Oval (Park 26),2025 Toyota AFL Finals Series,"Between 3:00 pm to 11:30 pm on Thursday 4 September 2025, the following road will be closed: 
•	War Memorial Drive between Riverbank Footbridge and King William Road. 
Between 10:00 pm to 11:30 pm on Thursday 4 September 2025, the following roads will be closed:
•	King William Street between Currie Street and North Terrace.  
•	King William Road between North Terrace and Pennington Terrace. 
•	Festival Drive between King William Road and a point 80 meters west. 
•	Sir Edwin Smith Avenue between Kermode Street and King William Road. 
•	Victoria Drive between Kintore Avenue and King William Road. 
•	War Memorial Drive from Edwin Smith Avenue to a point 180 meters east.  
•	Pennington Terrace between Palmer Place and King William Road. 
Between 10:10 pm to 11:30 pm on Thursday 4 September 2025, the following road will be closed:
•	North Terrace between Victoria Street and King William Road. 
","https://www.google.com/maps/@-34.915722,138.5962669,88m/data=!3m1!1e3?entry=ttu&g_ep=EgoyMDI1MDkwNy4wIKXMDSoASAFQAw%3D%3D",TBA,19:10-21:50,,1,,https://www.adelaideoval.com.au,,,,,,
2025 Winter Duathlon - Race 2 (State Championship),,07/09/25,07/09/25,War Memorial Drive,Winter Duathlon Race (Bike & Run),"War Memorial Drive, North Adelaide between Montefiore Road and Barton Terrace West
4.30am and 11.00am on Sunday 7 September 2025","https://www.google.com/maps/@-34.9174895,138.5968904,88m/data=!3m1!1e3?entry=ttu&g_ep=EgoyMDI1MDkwNy4wIKXMDSoASAFQAw%3D%3D",TBA,08:00-11:00,,2,,https://www.triathlon.org.au/,,,,,,
Hostplus SANFL Final Series - First & Second Semi-Finals,,07/09/25,07/09/25,Adelaide Oval (Park 26),"SANFL Final Series -First & Second Semi Finals

12:15 pm Adelaide vs Norwood

3:15 pm Glenelg vs Sturt",N/A,"https://www.google.com/maps/@-34.9155108,138.5960637,88m/data=!3m1!1e3?entry=ttu&g_ep=EgoyMDI1MDkwNy4wIKXMDSoASAFQAw%3D%3D",TBA,13:30-19:15,,3,,https://www.adelaideoval.com.au,,,,,,
AFL First Simi-Final - Adelaide vs Hawthorn,,12/09/25,12/09/25,Adelaide Oval (Park 26),2025 Toyota AFL Finals Series,"Between 3:00 pm to 11:30 pm on Friday 12 September 2025, the following road will be closed: 
•	War Memorial Drive between Riverbank Footbridge and King William Road. 
Between 9:20 pm to 11:30 pm on Friday 12 September 2025, the following roads will be closed:
•	King William Street between Currie Street and North Terrace.  
•	King William Road between North Terrace and Pennington Terrace. 
•	Festival Drive between King William Road and a point 80 meters west. 
•	Sir Edwin Smith Avenue between Kermode Street and King William Road. 
•	Victoria Drive between Kintore Avenue and King William Road. 
•	War Memorial Drive from Edwin Smith Avenue to a point 180 meters east.  
•	Pennington Terrace between Palmer Place and King William Road. 
Between 9:40 pm to 11:30 pm on Thursday 4 September 2025, the following road will be closed:
•	North Terrace between Victoria Street and King William Road. 
","https://www.google.com/maps/@-34.9152414,138.5962032,88m/data=!3m1!1e3?entry=ttu&g_ep=EgoyMDI1MDkwNy4wIKXMDSoASAFQAw%3D%3D",TBA,19:10-21:50,,4,,https://www.adelaideoval.com.au,,,,,,
Hostplus SANFL Final Series - Preliminary Final,,14/09/25,14/09/25,Adelaide Oval (Park 26),SANFL Final Series - Preliminary Final ,N/A,"https://www.google.com/maps/@-34.9151573,138.5964546,88m/data=!3m1!1e3?entry=ttu&g_ep=EgoyMDI1MDkwNy4wIKXMDSoASAFQAw%3D%3D",TBA,12:00-17:30,,5,,https://www.adelaideoval.com.au,,,,,,
2025 City to Bay Fun Run,,21/09/25,21/09/25,Elder Park (Park 26);  G S Kingston Park / Wirrarninthi (Park 23) ;  Josie Agius Park / Wikaparntu Wirra (Park 22);  King William Road;  King William Street;  Light Square / Wauwi;  Red Gum Park / Karrawirra (Park 12);  Red Gum Park / Karrawirra (Park 12);  South Terrace;  Veale Park / Walyu Yarta (Park 21);  Victoria Square / Tarntanyangga ,"Start on King William Road in front of Festival Centre - moving along King William Street, South Terrace and onto Anzac Highway
All ages compete in a timed 12 or 6km run/walk or enjoy a 3km event. Funds raised are for Athletics in SA and SA Athletes.","4:30am - 10.30am
King William Road, between War Memorial Drive and North Terrace
7:45am - 10.00am
King William Street, between North Terrace and Wright Street (Western carriageway)
6.15am - 10.00am
King William Street, between Wright Street and South Terrace (Western carriageway)
South Terrace and West Terrace along King William Street.
8.00am - 10.00am
King William Street, between North Terrace and South Terrace (Eastern carriageway)
6.15am - 7.15am
Corner South Terrace & Morphett Street along Morphett Street (Eastern side) to Sturt Street and Sturt Street (Southern side)
6.00am - 10.30am
Anzac Highway, between West Terrace and Greenhill Road. (Eastern side, southern carriageway only)","https://www.google.com/maps/@-34.9179286,138.5987088,88m/data=!3m1!1e3?entry=ttu&g_ep=EgoyMDI1MDkwNy4wIKXMDSoASAFQAw%3D%3D",TBA,04:00-13:00,,6,,https://city-bay.org.au/,,,,,,
Hostplus SANFL Grand Final,,21/09/25,21/09/25,Adelaide Oval (Park 26),"U17s Futures Game: 9:00am 
Reserves Grand Final: 11:00am 
League Grand Final: 2:30pm","Between 10:30 am and 6:30 pm on Sunday 21 September 2025, the following road will be closed: 
•	War Memorial Drive between Riverbank Footbridge and King William Road. 
Between 4:30 pm and 6:30 pm on Sunday 21 September 2025, the following roads will be closed:

•	King William Street between Currie Street and North Terrace.  
•	King William Road between North Terrace and Pennington Terrace. 
•	Festival Drive between King William Road and a point 80 meters west. 
•	Sir Edwin Smith Avenue between Kermode Street and King William Road. 
•	Victoria Drive between Kintore Avenue and King William Road. 
•	War Memorial Drive from Edwin Smith Avenue to a point 180 meters east.  
•	Pennington Terrace between Palmer Place and King William Road. 
Between 4:50 pm and 6:30 pm on Sunday 21 September 2025, the following road will be closed:

•	North Terrace between Victoria Street and King William Road. 
","https://www.google.com/maps/@-34.9153866,138.5963527,88m/data=!3m1!1e3?entry=ttu&g_ep=EgoyMDI1MDkwNy4wIKXMDSoASAFQAw%3D%3D",TBA,14:30-17:00,,7,,https://www.adelaideoval.com.au,,,,,,
Uni SA Graduation Ceremonies September 2025,,30/09/25,02/10/25,Hindley Street,Closure of Hindley Street to facilitate the Graduation Ceremonies.,"Tuesday 30 September 2025 from 8.30am to 5.30pm the following roads will be closed:  
- Hindley Street between Liverpool and Clarendon Street
Wednesday 1 October 2025 from 8.30am to 5.30pm the following roads will be closed: 
- Hindley Street between Liverpool and Clarendon Street
Thursday 2 October 2025 from 8:30am to 5:30pm the following roads will be closed: 
- Hindley Street between Liverpool and Clarendon Street","https://www.google.com/maps/@-34.9234402,138.5902031,88m/data=!3m1!1e3?entry=ttu&g_ep=EgoyMDI1MDkwNy4wIKXMDSoASAFQAw%3D%3D",TBA,08:30-17:30,,8,,https://www.unisa.edu.au/,,,,,,
Halal Food Festival 2025,,03/10/25,05/10/25,Victoria Square / Tarntanyangga,Celebration to mark the end of Hajj,TBA,"https://www.google.com/maps/@-34.9281689,138.5999584,88m/data=!3m1!1e3?entry=ttu&g_ep=EgoyMDI1MDkwNy4wIKXMDSoASAFQAw%3D%3D",TBA,12:00-22:00,,9,,N/A,,,,,,
2025 Oktoberfest in the Gardens,,04/10/25,04/10/25,Pinky Flat (Park 26),"Huge range of authentic German beers, wines, cider, and food stalls accompanied by all your local favourites.",N/A,"https://www.google.com/maps/@-34.9180822,138.5947344,88m/data=!3m1!1e3?entry=ttu&g_ep=EgoyMDI1MDkwNy4wIKXMDSoASAFQAw%3D%3D",TBA,11:00-22:00,,10,,https://www.oktoberfestinthegardens.com.au/,,,,,,
Sheffield Shield:  South Australia v Victoria,,04/10/25,07/10/25,Adelaide Oval (Park 26),Sheffield Shield domestic first-class cricket competition of Australia.,N/A,"https://www.google.com/maps/@-34.9160223,138.5964804,88m/data=!3m1!1e3?entry=ttu&g_ep=EgoyMDI1MDkwNy4wIKXMDSoASAFQAw%3D%3D",TBA,10:00-17:30,,11,,https://www.adelaideoval.com.au,,,,,,
One Day Cup: South Australia v Victoria,,09/10/25,09/10/25,Adelaide Oval (Park 26),Domestic first-class cricket competition of Australia.,N/A,"https://www.google.com/maps/@-34.9155027,138.5958133,88m/data=!3m1!1e3?entry=ttu&g_ep=EgoyMDI1MDkwNy4wIKXMDSoASAFQAw%3D%3D",TBA,10:00-17:30,,12,,https://www.adelaideoval.com.au,,,,,,
Nature Day in North Adelaide 2025,,10/10/25,10/10/25,Bundey's Paddock / Tidlangga (Park 9) ,"Nature Day event in Bundeys Paddock and playspace 
Corner Bundeys rd and MacKinnon Pde North Adelaide
",N/A,"https://www.google.com/maps/@-34.9080406,138.6105148,88m/data=!3m1!1e3?entry=ttu&g_ep=EgoyMDI1MDkwNy4wIKXMDSoASAFQAw%3D%3D",TBA,09:00-13:00,,13,,N/A,,,,,,
Perryman’s Bakery 100th Anniversary Celebration,,11/10/25,11/10/25,Tynte Street North Adelaide,Perryman’s Bakery 100th Anniversary Celebration. Plaque unveiling by the Lord Mayor.,N/A,"https://www.google.com/maps/@-34.9053038,138.5984185,88m/data=!3m1!1e3?entry=ttu&g_ep=EgoyMDI1MDkwNy4wIKXMDSoASAFQAw%3D%3D",TBA,09:30-13:30,,14,,N/A,,,,,,
Super Series: East End Street Race,,12/10/25,12/10/25,East Terrace;  Rundle Street,The Cervelo Super Series is the premier amateur road racing series in South Australia,"From 7am until 6pm the following roads will be closed:
- East Terrace between North Tce and Vardon Ave
- Rundle Street between East Tce and Vardon Ave
- Rundle Road between Rundle Street and Dequetteville Tce","https://www.google.com/maps/@-34.9224981,138.6107868,88m/data=!3m1!1e3?entry=ttu&g_ep=EgoyMDI1MDkwNy4wIKXMDSoASAFQAw%3D%3D",TBA,08:00-17:00,,15,,https://www.cyclingsuperseries.com.au/2025-entries,,,,,,
Sheffield Shield:  South Australia v Queensland,,15/10/25,18/10/25,Adelaide Oval (Park 26),Sheffield Shield domestic first-class cricket competition of Australia.,N/A,"https://www.google.com/maps/@-34.9152818,138.5967158,88m/data=!3m1!1e3?entry=ttu&g_ep=EgoyMDI1MDkwNy4wIKXMDSoASAFQAw%3D%3D",TBA,10:30-18:00,,16,,https://www.adelaideoval.com.au,,,,,,
2025 Lucky Dumpling Markets,,17/10/25,09/11/25,Elder Park (Park 26),"Lucky Dumpling Market is a Food and Beverage hub of the Adelaide Festival Centre’s OzAsia Festival, Australia’s leading international arts festival engaging with Asia.",N/A,"https://www.google.com/maps/@-34.9180694,138.5986467,88m/data=!3m1!1e3?entry=ttu&g_ep=EgoyMDI1MDkwNy4wIKXMDSoASAFQAw%3D%3D",TBA,16:30-02:00,,17,,https://www.luckydumplingmarket.com/,,,,,,
2025 Cheesefest,,18/10/25,19/10/25,Rundle Park / Kadlitpina (Park 13),Annual food and wine event,Section 17,"https://www.google.com/maps/@-34.9215024,138.6114962,88m/data=!3m1!1e3?entry=ttu&g_ep=EgoyMDI1MDkwNy4wIKXMDSoASAFQAw%3D%3D",TBA,08:00-17:00,,18,,https://www.cheesefest.com.au/,,,,,,
Acoustic Brews and Beats,,18/10/25,18/10/25,Hurtle Square / Tangkaira ,"Join the City of Adelaide this Spring at Hurtle Square / Tangkaira for a chilled-out afternoon of music, markets, and mouthwatering delights at Acoustic Beats & Brews - a free community event that's all about good vibes.
Grab a picnic rug or find shade under an umbrella and let the smooth acoustic beats wash over you. Sip on delicious brews provided by the Original Coopers Alehouse, sample tasty bites from local food stalls such as the Paella Man and Opa Alfajores. And explore market treasures crafted by talented creatives from The Mill.
Whether you're there to kick back with friends or discover something new, this is your chance to soak up the rhythm of the city in a relaxed, welcoming space.",N/A,"https://www.google.com/maps/@-34.9316723,138.6062718,88m/data=!3m1!1e3?entry=ttu&g_ep=EgoyMDI1MDkwNy4wIKXMDSoASAFQAw%3D%3D",TBA,09:00-13:00,,19,,N/A,,,,,,
Latin Arts Festival,,19/10/25,19/10/25,Victoria Square / Tarntanyangga,"Cultural festival with community focus, food and performances.",N/A,"https://www.google.com/maps/@-34.9279088,138.5999228,88m/data=!3m1!1e3?entry=ttu&g_ep=EgoyMDI1MDkwNy4wIKXMDSoASAFQAw%3D%3D",TBA,12:00-21:00,,20,,N/A,,,,,,
Moon Lantern Trail 2025,,23/10/25,26/10/25,Barr Smith Walk (Adelaide Riverbank Lawn) (Park 26);  Elder Park (Park 26);  Pinky Flat (Park 26);  War Memorial Drive,"Family and community event part of the OzAsia Festival 
","War Memorial Drive will be closed:
- From 03:15 pm to 11:30 pm on Thursday 23 and Friday 24 October 2025
- From 10:00 am to 11:30 pm on Saturday 25 and Sunday 26 October 2025","https://www.google.com/maps/@-34.9175589,138.5981804,88m/data=!3m1!1e3?entry=ttu&g_ep=EgoyMDI1MDkwNy4wIKXMDSoASAFQAw%3D%3D",TBA,16:00-22:00,,21,,https://ozasia.adelaidefestivalcentre.com.au/ ,,,,,,
Men's ODI Series: Australia v India,,23/10/25,23/10/25,Adelaide Oval (Park 26),Day/Night Men’s Cricket One Day International.,TBA,"https://www.google.com/maps/@-34.9148656,138.596474,88m/data=!3m1!1e3?entry=ttu&g_ep=EgoyMDI1MDkwNy4wIKXMDSoASAFQAw%3D%3D",TBA,14:00-22:00,,22,,https://www.adelaideoval.com.au,,,,,,
Harvest Rock 2025,,25/10/25,26/10/25,Bartels Road;  King Rodney Park / Ityamai-itpina (Park 15);  Rymill Park / Murlawirrapurka (Park 14),Music Event. Sat 25 & Sun 26 October 2025,Bartels Road from Dequetteville Terrace to East Terrace from 5:00am on Wednesday 22 October 2025 until 11:59pm on Monday 27 October 2025,"https://www.google.com/maps/@-34.9254801,138.6140093,88m/data=!3m1!1e3?entry=ttu&g_ep=EgoyMDI1MDkwNy4wIKXMDSoASAFQAw%3D%3D",TBA,08:00-17:00,,23,,https://harvestrock.com/,,,,,,
Gunson Street Party,,31/10/25,31/10/25,Gunson Street,Street party on Gunson Street. Local art and food businesses,Gunston Street on 31 October,"https://www.google.com/maps/@-34.929101,138.6065779,88m/data=!3m1!1e3?entry=ttu&g_ep=EgoyMDI1MDkwNy4wIKXMDSoASAFQAw%3D%3D",TBA,16:00-21:00,,24,,N/A,,,,,,
Poppin Out 2025,,01/11/25,01/11/25,Rundle Street;  Synagogue Place,Street party to create extension of Mary's Poppin. Street component will include live music and food and beverage.,Synagogue Place will be closed from 09:00 am on Saturday 1 November 2025 to 01:00 on Sunday 2 November 2025,"https://www.google.com/maps/@-34.9225903,138.6067716,88m/data=!3m1!1e3?entry=ttu&g_ep=EgoyMDI1MDkwNy4wIKXMDSoASAFQAw%3D%3D",TBA,17:00-23:00,,25,,N/A,,,,,,
Pride March Adelaide 2025,,01/11/25,01/11/25,East Terrace;  Light Square / Wauwi;  North Terrace;  Pulteney Street;  Rundle Park / Kadlitpina (Park 13);  Rundle Street;  Rymill Park / Murlawirrapurka (Park 14),"Annual Pride March celebrating LGBTIQA+ communities. 
See notes for additional info.",TBA,"https://www.google.com/maps/@-34.9224315,138.6107362,88m/data=!3m1!1e3?entry=ttu&g_ep=EgoyMDI1MDkwNy4wIKXMDSoASAFQAw%3D%3D",TBA,14:00-17:00,,26,,N/A,,,,,,
Hongdae in Adelaide 2025,,01/11/25,02/11/25,Eliza Street,Korean Street food event involving a closure of a portion of Eliza Street.,Entire Eliza Street between 9pm on Fri 31 Oct 2025 until 8am on Sun 2 Nov 2025,"https://www.google.com/maps/@-34.9266251,138.5956274,88m/data=!3m1!1e3?entry=ttu&g_ep=EgoyMDI1MDkwNy4wIKXMDSoASAFQAw%3D%3D",TBA,11:30-02:00,,27,,N/A,,,,,,
Sony Music Pop-up Shop 2025,,04/11/25,06/11/25,Gilles Arcade;  Playhouse Lane,Event in the Queens Theatre with a road closure out front of the venue,"From 06:00 am on Tuesday 4 November 2025 to 08:00 pm Thursday 6 November 2025, portion of Playhouse Lane & Gilles Arcade will be closed.","https://www.google.com/maps/@-34.9252499,138.5955525,88m/data=!3m1!1e3?entry=ttu&g_ep=EgoyMDI1MDkwNy4wIKXMDSoASAFQAw%3D%3D",TBA,09:00-19:00,,28,,https://www.thequeensadelaide.com.au/eventsatthequeens,,,,,,
Metallica M72 World Tour,,05/11/25,05/11/25,Adelaide Oval (Park 26),Rugby Union International,"Road Closure Schedule: 

Between 12 noon and midnight pm on Wednesday 5 November 2025, the following road will be closed: 

•	War Memorial Drive between Riverbank Footbridge and King William Road. 

Between 10:00 pm and midnight on Wednesday 5 November 2025, the following roads will be closed:

•	King William Street (northbound carriageways) between Currie Street and North Terrace. 
•	King William Road between North Terrace and Pennington Terrace. 
•	Festival Drive from King William Road to a point 80 meters west. 
•	Sir Edwin Smith Avenue between Kermode Street and King William Road. 
•	Victoria Drive between Kintore Avenue and King William Road. 
•	War Memorial Drive from Edwin Smith Avenue to a point 180 meters east.  
•	Pennington Terrace between Palmer Place and King William Road. 
•	Abbot Lane from Pennington Terrace to a point 20 meters north. 

Between 10:15 pm and midnight on Wednesday 5 November 2025, the following road will be closed:

•	North Terrace between Victoria Street and King William Road. 
","https://www.google.com/maps/@-34.9154636,138.5958858,88m/data=!3m1!1e3?entry=ttu&g_ep=EgoyMDI1MDkwNy4wIKXMDSoASAFQAw%3D%3D",TBA,14:00-22:00,,29,,https://www.adelaideoval.com.au,,,,,,
Melbourne Cup on Vardon Ave,,05/11/25,05/11/25,Vardon Avenue,Annual Melbourne Cup Lunch,"Road Closure Schedule: 

Between 6:00pm Monday 4 November and 9:00pm on Tuesday 5 November 2024, the following road will be closed: 

•	Vardon Avenue, Adelaide between East Terrace and Rundle Street","https://www.google.com/maps/@-34.9228753,138.6100431,88m/data=!3m1!1e3?entry=ttu&g_ep=EgoyMDI1MDkwNy4wIKXMDSoASAFQAw%3D%3D",TBA,12:00-17:00,,30,,N/A,,,,,,
Metallica at Queen's Head Hotel- Pending application,,05/11/25,05/11/25,Abbott Lane,Laneway activation.,"Abbott Lane from Kermode Street and a point 50 meters south
Clsoed between 2:00 pm and 8:30 pm on Saturday 12 July 2025 

","https://www.google.com/maps/@-34.9117277,138.5967426,88m/data=!3m1!1e3?entry=ttu&g_ep=EgoyMDI1MDkwNy4wIKXMDSoASAFQAw%3D%3D",TBA,11:30-20:30,,31,,N/A,,,,,,
Vardon Summer Series 2025/26,,07/11/25,07/11/25,Vardon Avenue,Annual street summer series,"Road Closure Schedule: 

Between 4:00pm and 11:59pm on Friday 8 November 2024, the following road will be closed: 

•	Vardon Avenue, Adelaide between East Terrace and Rundle Street
","https://www.google.com/maps/@-34.9228685,138.6101466,88m/data=!3m1!1e3?entry=ttu&g_ep=EgoyMDI1MDkwNy4wIKXMDSoASAFQAw%3D%3D",TBA,16:00-23:59,,32,,N/A,,,,,,
National Pharmacies Christmas Pageant 2025,,08/11/25,08/11/25,Blue Gum Park / Kurangga (Park 20);  Currie St;  Elder Park (Park 26);  Gawler Place;  Gouger Street;  Hindley Street;  Hindmarsh Square / Mukata;  King William Road;  King William Street;  Light Square / Wauwi;  North Terrace;  Peacock Road;  Pulteney Street;  Reconciliation Plaza;  Red Gum Park / Karrawirra (Park 12);  Rundle Street;  South Terrace;  Victoria Square / Tarntanyangga;  Victoria Square / Tarntanyangga;  Wakefield Street,Annual Christmas Pageant,TBA,"https://www.google.com/maps/@-34.9235259,138.5995309,88m/data=!3m1!1e3?entry=ttu&g_ep=EgoyMDI1MDkwNy4wIKXMDSoASAFQAw%3D%3D",TBA,09:30-13:00,,33,,https://www.christmaspageant.com.au,,,,,,
Vardon Summer Series 2025/26,,08/11/25,08/11/25,Vardon Avenue,Annual street summer series,"Road Closure Schedule: 

Between 4:00pm and 11:59pm on Saturday 9 November 2024, the following road will be closed: 

•	Vardon Avenue, Adelaide between East Terrace and Rundle Street","https://www.google.com/maps/@-34.9228917,138.6099845,88m/data=!3m1!1e3?entry=ttu&g_ep=EgoyMDI1MDkwNy4wIKXMDSoASAFQAw%3D%3D",TBA,16:00-23:59,,34,,N/A,,,,,,
Grattan Street Greek Festival,,08/11/25,08/11/25,Grattan Street,Greek Festival,"From 8:00pm and 10:30pm 
Franklin St (btwn Gray St and West Tce), Waymouth St (btwn Shannon Pl and West Tce), Gray St, Grattan St from 8pm to 10pm","https://www.google.com/maps/@-34.9270481,138.588484,88m/data=!3m1!1e3?entry=ttu&g_ep=EgoyMDI1MDkwNy4wIKXMDSoASAFQAw%3D%3D",TBA,11:45-13:00,,35,,N/A,,,,,,
Remembrance Day 2025,,11/11/25,11/11/25,Kintore Avenue;  North Terrace;  Red Gum Park / Karrawirra (Park 12),Annual Remembrance Day event,North Terrace (between King William and Pultney Street) and Kintore Avenue from 10.45am to11.15am on 11 Novmeber 2025,"https://www.google.com/maps/@-34.9214378,138.6018515,88m/data=!3m1!1e3?entry=ttu&g_ep=EgoyMDI1MDkwNy4wIKXMDSoASAFQAw%3D%3D",TBA,10:45-11:15,,36,,N/A,,,,,,
World Volleyball Championships,,14/11/25,23/11/25,Elder Park (Park 26);  Memorial Drive Tennis Centre;  Pinky Flat (Park 26);  Red Gum Park / Karrawirra (Park 12); War Memorial Drive,Beach Volleyball World Championships will descend on Adelaide in 2025 with the worlds-best 192 women and men from around the globe playing in the heart of the city alongside the northern riverbank.,"War Memorial Drive, between Adelaide Oval loading dock and entrance to Next Generation Gym will be closed: from 6.00am on Thursday 13 November 2025 to 5.00pm on Monday 24 November 2025.

","https://www.google.com/maps/@-34.9182642,138.5983223,105m/data=!3m1!1e3?entry=ttu&g_ep=EgoyMDI1MDkwNy4wIKXMDSoASAFQAw%3D%3D",TBA,08:00-17:00,,37,,https://adelaide2025.volleyball.org.au/,,,,,,
Vardon Summer Series 2025/26,,14/11/25,14/11/25,Vardon Avenue,Annual street summer series,"Road Closure Schedule: 

Between 4:00pm and 11:59pm on Friday 15 November 2024, the following road will be closed: 

•	Vardon Avenue, Adelaide between East Terrace and Rundle Street","https://www.google.com/maps/@-34.92286,138.6100885,88m/data=!3m1!1e3?entry=ttu&g_ep=EgoyMDI1MDkwNy4wIKXMDSoASAFQAw%3D%3D",TBA,16:00-23:59,,38,,N/A,,,,,,
Women's Big Bash League 2025,,14/11/25,14/12/25,Gladys Elphick Park / Narnungga (Park 25),Womens Big Bash League 2025/26 season,N/A,"https://www.google.com/maps/@-34.9226874,138.5833873,88m/data=!3m1!1e3?entry=ttu&g_ep=EgoyMDI1MDkwNy4wIKXMDSoASAFQAw%3D%3D",TBA,08:00-20:00,,39,,https://www.bigbash.com.au/,,,,,,
Christmas Tree Lighting 2025,,15/11/25,15/11/25,Victoria Square / Tarntanyangga,Annual City of Adelaide Christmas tree lighting event,"Reconciliation Plaza on 15 November, time TBC","https://www.google.com/maps/@-34.9282839,138.5997797,88m/data=!3m1!1e3?entry=ttu&g_ep=EgoyMDI1MDkwNy4wIKXMDSoASAFQAw%3D%3D",TBA,08:00-21:00,,40,,https://www.cityofadelaide.com.au/adelaides-christmas-festival/giant-christmas-tree/,,,,,,
Our Sounds 2025,,15/11/25,06/12/25,Bonython Park / Tulya Wardli (Park 27),Music Concert,N/A,"https://www.google.com/maps/@-34.9168978,138.5806302,88m/data=!3m1!1e3?entry=ttu&g_ep=EgoyMDI1MDkwNy4wIKXMDSoASAFQAw%3D%3D",TBA,15:00-23:00,,41,,N/A,,,,,,
Vardon Summer Series 2025/26,,15/11/25,15/11/25,Vardon Avenue,Annual street summer series,"Road Closure Schedule: 

Between 4:00pm and 11:59pm on Saturday 16 November 2024, the following road will be closed: 

•	Vardon Avenue, Adelaide between East Terrace and Rundle Street","https://www.google.com/maps/@-34.9228998,138.6101936,88m/data=!3m1!1e3?entry=ttu&g_ep=EgoyMDI1MDkwNy4wIKXMDSoASAFQAw%3D%3D",TBA,16:00-23:59,,42,,N/A,,,,,,
Vardon Summer Series 2025/26,,21/11/25,21/11/25,Vardon Avenue,Annual street summer series,"Road Closure Schedule: 

Between 4:00pm and 11:59pm on Friday 22 November 2024, the following road will be closed: 

•	Vardon Avenue, Adelaide between East Terrace and Rundle Street","https://www.google.com/maps/@-34.9228671,138.6099562,88m/data=!3m1!1e3?entry=ttu&g_ep=EgoyMDI1MDkwNy4wIKXMDSoASAFQAw%3D%3D",TBA,16:00-23:59,,43,,N/A,,,,,,
BP Adelaide Grand Final 2025,,21/11/25,04/12/25,Bartels Road;  East Terrace;  Hutt Street;  Wakefield Road,Event road closures. Concert closures to be added.,"From 9:00 am on Monday 17 November 2025 to 6:00 am and Thursday 4 December 2025, the following road will be closed.  

•	Harvey Street from East Terrace to a point 7 meters south. 

From 6:00 am on Friday 21 November 2025 to 6:00 am on Tuesday 2 December 2025, the following roads will be closed.  

•	Bartels Road between East Terrace and Dequetteville Terrace. 
•	Hutt Street between Ifould Street and Bartels Road/Pirie Street. 
•	Flinders Street from Hutt Street to a point 33.97 meters west.  
•	Tucker Street from Hutt Street to a point 22.90 meters west. 
•	Pirie Street from Hutt Street to a point 63.18 meters west. 
•	East Terrace between Pirie Street and Grenfell Street. 

From 6:00 am on Friday 21 November 2025 to 6:00am to Thursday 4 December 2025, the following roads will be closed.  

•	Wakefield Road between East Terrace and Dequetteville Terrace. 
•	Wakefield Street from Hutt Street to a point 64.21 meters east. 
•	East Terrace between Bartels Road to a point 27.37 meters south of the Wakefield Road intersection. 
•	Flinders Street East between Hutt Street and East Terrace. 
•	Nil Street from East Terrace to a point 12.27 meters west.","https://www.google.com/maps/@-34.9251199,138.6133093,88m/data=!3m1!1e3?entry=ttu&g_ep=EgoyMDI1MDkwNy4wIKXMDSoASAFQAw%3D%3D",TBA,08:00-17:00,,44,,https://adelaidegrandfinal.com.au,,,,,,
Shannon's Adelaide Rally Gouger Street Party 2025,,22/11/25,22/11/25,Gouger Street,The Gouger Street Party has long been a special part of the Shannon's Classic Adelaide Rally and is a great way to get up close with all of the competition cars as they line on Gouger St,"From 3:00pm to 9:00pm on Saturday 22 November 2025
•	Gouger Street from Blenheim Street to Morphett Street
•	Gouger Street (southern carriageway) from Mill Street and Morphett Street 
•	Gouger Street (northern carriageway) from the Central Market U-Park Entrance and Morphett Street
•	California Street South in its entirety
•	Witcombe Street from Gouger Street to a point 25 meters north. 
•	Coglin Street from Gouger Street to a point 35 metres south. 
•	Compton Street from Gouger Street to a point 20 metres south. 
•	Field Street from Gouger Street to a point 30 metres south. 
•	Moonta Street, from Gouger Street and a point approximately 25m north. 	
","https://www.google.com/maps/@-34.9305353,138.5921209,88m/data=!3m1!1e3?entry=ttu&g_ep=EgoyMDI1MDkwNy4wIKXMDSoASAFQAw%3D%3D",TBA,17:00-21:00,,45,,https://www.adelaiderally.com.au/,,,,,,
Feast - Picnic in the Park 2025,,22/11/25,22/11/25,Whitmore Square ,"Picnic in the Park, produced by Feast Festival, is South Australia's largest ticketed LGBTQIA+ event, attracting a diverse audience and amplifying pride and inclusion.",TBA,"https://www.google.com/maps/@-34.9325038,138.5942038,88m/data=!3m1!1e3?entry=ttu&g_ep=EgoyMDI1MDkwNy4wIKXMDSoASAFQAw%3D%3D",TBA,11:00-21:00,,46,,N/A,,,,,,
Vardon Summer Series 2025/26,,22/11/25,22/11/25,Vardon Avenue,Annual street summer series,"Road Closure Schedule: 

Between 4:00pm and 11:59pm on Saturday 23 November 2024, the following road will be closed: 

•	Vardon Avenue, Adelaide between East Terrace and Rundle Street","https://www.google.com/maps/@-34.9228059,138.6099244,88m/data=!3m1!1e3?entry=ttu&g_ep=EgoyMDI1MDkwNy4wIKXMDSoASAFQAw%3D%3D",TBA,16:00-23:59,,47,,N/A,,,,,,
Ebenezer Night Market 2025/2026,,22/11/25,22/11/25,Ebenezer Place,Annual markets on Ebenezer Place,"Road Closure Schedule: 

Between 2:30pm and 11:59pm on Saturday 21 December 2024, the following road will be closed: 

•	Ebenezer Place , Adelaide between Union Street and Rundle Street

Between 4:00pm and 11:59pm on Saturday 21 December 2024, the following road will be closed:

•	Union Street, Adelaide between Rundle Street and Ebenezer Place","https://www.google.com/maps/@-34.9228084,138.6091717,88m/data=!3m1!1e3?entry=ttu&g_ep=EgoyMDI1MDkwNy4wIKXMDSoASAFQAw%3D%3D",TBA,17:00-22:30,,48,,N/A,,,,,,
Sheffield Shield:  South Australia v Western Australia,,22/11/25,25/11/25,Adelaide Oval (Park 26),Sheffield Shield domestic first-class cricket competition of Australia.,N/A,"https://www.google.com/maps/@-34.915795,138.5963383,88m/data=!3m1!1e3?entry=ttu&g_ep=EgoyMDI1MDkwNy4wIKXMDSoASAFQAw%3D%3D",TBA,14:30-20:00,,49,,https://www.adelaideoval.com.au,,,,,,
Multicultural Festival 2025,,23/11/25,23/11/25,Victoria Square / Tarntanyangga,The annual Multicultural Festival celebrates the many cultures of South Australia at a free evnet that is fun for the whole family.,Reconciliation Plaza from 15:00 on Sat 22 Nov 2025 until 23:59 on Sun 23 Nov 2025,"https://www.google.com/maps/@-34.9280357,138.599874,88m/data=!3m1!1e3?entry=ttu&g_ep=EgoyMDI1MDkwNy4wIKXMDSoASAFQAw%3D%3D",TBA,12:00-18:00,,50,,https://www.adelaideoval.com.au,,,,,,
Shannon's Adelaide Rally Event Finale 2025,,23/11/25,23/11/25,O'Connell Street North Adelaide;  Rymill Park / Murlawirrapurka (Park 14);  Tynte Street North Adelaide,"Shannons Adelaide Rally brings the community together for fun, free community events in the CBD, Adelaide Hills and Fleurieu Peninsula. The finale is the podium finish to the weekends activities.","From 12:30pm to 8:30pm on Sunday 23 November 2025, the following roads are proposed to be closed: 
- O’Connell Street, from Archer Street to Tynte Street 
- O’Connell Street west carriageway from Tynte Street to Wigg Lane
- Tynte Street from O'Connell Street to Mansfield Street
- Tynte Street south carriageway from O’Connell Street to Centenary Street
- Tower Street South, Chapel Street, Tynte Place and Tynte Court in their entirety.","https://www.google.com/maps/@-34.9060289,138.5958857,88m/data=!3m1!1e3?entry=ttu&g_ep=EgoyMDI1MDkwNy4wIKXMDSoASAFQAw%3D%3D",TBA,15:00-18:00,,51,,https://www.adelaiderally.com.au/,,,,,,
Adelaide Grand Final Track to Town,,26/11/25,26/11/25,Victoria Square / Tarntanyangga,Adelaide 500 will hold the pre event Supercars drivers autograph session and parade  in Victoria Square,N/A,"https://www.google.com/maps/@-34.9291452,138.5996812,88m/data=!3m1!1e3?entry=ttu&g_ep=EgoyMDI1MDkwNy4wIKXMDSoASAFQAw%3D%3D",TBA,17:00-18:00,,52,,https://adelaidegrandfinal.com.au/,,,,,,
Pit Stop Party 2025,,27/11/25,27/11/25,Carrington Street;  Hutt Street,An event involving ADL 500 cars as well as the drivers from the race. Road closure on Carrington St only.,TBA,"https://www.google.com/maps/@-34.9308681,138.6121919,88m/data=!3m1!1e3?entry=ttu&g_ep=EgoyMDI1MDkwNy4wIKXMDSoASAFQAw%3D%3D",TBA,16:00-21:00,,53,,N/A,,,,,,
bp Adelaide Grand Final 2025,,27/11/25,30/11/25,Bartels Road;  East Terrace;  King Rodney Park / Ityamai-itpina (Park 15);  Rundle Road;  Rymill Park / Murlawirrapurka (Park 14);  Victoria Park / Pakapakanthi (Park 16);  Wakefield Road,Annual Supercar racing event,Road closures commencing from TBA 2025,"https://www.google.com/maps/@-34.9251478,138.6117006,88m/data=!3m1!1e3?entry=ttu&g_ep=EgoyMDI1MDkwNy4wIKXMDSoASAFQAw%3D%3D",TBA,00:00-23:59,,54,,https://adelaidegrandfinal.com.au/,,,,,,
Toyota Welcome Event,,27/11/25,27/11/25,Vardon Avenue,Private Event,"Road Closure Schedule: 

Between 8:00am Sunday 20 October 2024 and 1:00am on Monday 21 October 2024, the following road will be closed: 

•	Vardon Avenue, Adelaide between East Terrace and Rundle Street","https://www.google.com/maps/@-34.9228502,138.6101642,88m/data=!3m1!1e3?entry=ttu&g_ep=EgoyMDI1MDkwNy4wIKXMDSoASAFQAw%3D%3D",TBA,14:00-23:00,,55,,N/A,,,,,,
Asia Oasis,,28/11/25,30/11/25,Pinky Flat (Park 26),"Celebration of arts, music and food with a focus on authenticity.",N/A,"https://www.google.com/maps/@-34.9182288,138.5946802,88m/data=!3m1!1e3?entry=ttu&g_ep=EgoyMDI1MDkwNy4wIKXMDSoASAFQAw%3D%3D",TBA,08:00-17:00,,56,,https://asiaoasis.com.au/,,,,,,
Vardon Summer Series 2025/26,,28/11/25,28/11/25,Vardon Avenue,Annual street summer series,"Road Closure Schedule: 

Between 4:00pm and 11:59pm on Friday 29 November 2024, the following road will be closed: 

•	Vardon Avenue, Adelaide between East Terrace and Rundle Street","https://www.google.com/maps/@-34.9228483,138.610402,88m/data=!3m1!1e3?entry=ttu&g_ep=EgoyMDI1MDkwNy4wIKXMDSoASAFQAw%3D%3D",TBA,16:00-23:59,,57,,N/A,,,,,,
WBBL: Adelaide Strikers v Sydney Thunder,,28/11/25,28/11/25,Adelaide Oval (Park 26),2025/2026 Women's Big Bash League Fixture,N/A,"https://www.google.com/maps/@-34.9157929,138.5969987,88m/data=!3m1!1e3?entry=ttu&g_ep=EgoyMDI1MDkwNy4wIKXMDSoASAFQAw%3D%3D",TBA,18:40-21:30,,58,,https://www.adelaideoval.com.au,,,,,,
Al Salam Festival,,29/11/25,29/11/25,Ellis Park / Tampawardli (Park 24),"A free annual festival celebrating Islam through entertainment, education and food",N/A,"https://www.google.com/maps/@-34.9278797,138.5868879,88m/data=!3m1!1e3?entry=ttu&g_ep=EgoyMDI1MDkwNy4wIKXMDSoASAFQAw%3D%3D",TBA,08:00-17:00,,59,,N/A,,,,,,
Rhino Room Street Fest,,29/11/25,30/11/25,Hyde Street,Road closure for an activation at the Rhino Room,Hyde Street between Stockley Alley and Pirie Street  closed between 3:00 pm on Saturday 29 November 2025 and 11:00 pm on Sunday 30 November 2025.,"https://www.google.com/maps/@-34.9256527,138.6045231,88m/data=!3m1!1e3?entry=ttu&g_ep=EgoyMDI1MDkwNy4wIKXMDSoASAFQAw%3D%3D",TBA,16:00-22:00,,60,,https://rhinoroom.com.au/,,,,,,
Vardon Summer Series 2025/26,,29/11/25,29/11/25,Vardon Avenue,Annual street summer series,"Road Closure Schedule: 

Between 4:00pm and 11:59pm on Saturday 30 November 2024, the following road will be closed: 

•	Vardon Avenue, Adelaide between East Terrace and Rundle Street","https://www.google.com/maps/@-34.9228508,138.6101698,88m/data=!3m1!1e3?entry=ttu&g_ep=EgoyMDI1MDkwNy4wIKXMDSoASAFQAw%3D%3D",TBA,16:00-23:59,,61,,N/A,,,,,,
